,OR,p-value,NagelkerkeR2
Estimate,-146.007128,0.61213031,0.000136431